codon	codon_dwell_time
AAA	0.9795
AAC	0.7243
AAG	1.1653
AAT	0.7360
ACA	1.3297
ACC	0.7586
ACG	1.7536
ACT	0.7332
AGA	1.1240
AGC	1.2232
AGG	1.8058
AGT	0.9951
ATA	1.3302
ATC	0.7247
ATG	0.8747
ATT	0.6742
CAA	0.9157
CAC	0.9372
CAG	1.5508
CAT	0.9487
CCA	1.0955
CCC	1.3685
CCG	2.4935
CCT	1.0166
CGA	2.9687
CGC	1.4526
CGG	3.4760
CGT	0.8299
CTA	1.0000
CTC	1.1344
CTG	1.3961
CTT	0.9268
GAA	0.9928
GAC	0.9854
GAG	1.3585
GAT	0.8955
GCA	1.4788
GCC	0.7101
GCG	1.7421
GCT	0.7458
GGA	1.5790
GGC	1.4845
GGG	1.6691
GGT	1.0515
GTA	1.0439
GTC	0.7330
GTG	1.3692
GTT	0.6536
TAC	0.9657
TAT	0.8523
TCA	1.0333
TCC	0.7915
TCG	1.4164
TCT	0.6939
TGC	1.2255
TGG	1.6014
TGT	0.8156
TTA	0.7693
TTC	0.7618
TTG	0.7495
TTT	0.7157
